ID,Pred
2018_1104_1112,0.206420495911
2018_1104_1113,0.476757718358
2018_1104_1116,0.329328284267
2018_1104_1120,0.389799524825
2018_1104_1137,0.57460372463
2018_1104_1138,0.467739425962
2018_1104_1139,0.35678514633
2018_1104_1153,0.199318172407
2018_1104_1155,0.328071197091
2018_1104_1158,0.529452231441
2018_1104_1166,0.388491408668
2018_1104_1168,0.73806843691
2018_1104_1172,0.49589423657
2018_1104_1181,0.176738215782
2018_1104_1196,0.321533990639
2018_1104_1199,0.361822638619
2018_1104_1209,0.671553451047
2018_1104_1211,0.172884753089
2018_1104_1222,0.270782043491
2018_1104_1233,0.692058172108
2018_1104_1242,0.194956319247
2018_1104_1243,0.317891548391
2018_1104_1246,0.251125061172
2018_1104_1252,0.72268376551
2018_1104_1254,0.825153241754
2018_1104_1260,0.479626335852
2018_1104_1267,0.635072192823
2018_1104_1274,0.300987009481
2018_1104_1276,0.187602847506
2018_1104_1277,0.233406101561
2018_1104_1281,0.603632286003
2018_1104_1285,0.667392480503
2018_1104_1293,0.607950229384
2018_1104_1300,0.821228492125
2018_1104_1301,0.424644856494
2018_1104_1305,0.367655768032
2018_1104_1308,0.500765257394
2018_1104_1314,0.203650112793
2018_1104_1326,0.299711558784
2018_1104_1328,0.520166591762
2018_1104_1335,0.657071772491
2018_1104_1344,0.359886124274
2018_1104_1345,0.243645434592
2018_1104_1347,0.777964345224
2018_1104_1348,0.341392348502
2018_1104_1355,0.562604838656
2018_1104_1361,0.438889741121
2018_1104_1371,0.345388038404
2018_1104_1372,0.599121406579
2018_1104_1382,0.416112058003
2018_1104_1393,0.450669929917
2018_1104_1395,0.337379043678
2018_1104_1397,0.308440547952
2018_1104_1400,0.4444810447
2018_1104_1401,0.435866342466
2018_1104_1403,0.325328950125
2018_1104_1411,0.803380689282
2018_1104_1417,0.341641580964
2018_1104_1420,0.755857620563
2018_1104_1422,0.600384787719
2018_1104_1437,0.121812283638
2018_1104_1438,0.135441286958
2018_1104_1439,0.36399810021
2018_1104_1452,0.224989319088
2018_1104_1455,0.248152992637
2018_1104_1460,0.685323563797
2018_1104_1462,0.245912352108
2018_1112_1113,0.816765626948
2018_1112_1116,0.701683370466
2018_1112_1120,0.759220422126
2018_1112_1137,0.843789479413
2018_1112_1138,0.790294570478
2018_1112_1139,0.714507079995
2018_1112_1153,0.487556130939
2018_1112_1155,0.716466018148
2018_1112_1158,0.813161668746
2018_1112_1166,0.738143920754
2018_1112_1168,0.913853804026
2018_1112_1172,0.808018258677
2018_1112_1181,0.452054764293
2018_1112_1196,0.705188816402
2018_1112_1199,0.729259710534
2018_1112_1209,0.909812138513
2018_1112_1211,0.446921469129
2018_1112_1222,0.649334423739
2018_1112_1233,0.910194138619
2018_1112_1242,0.467478586682
2018_1112_1243,0.695748138091
2018_1112_1246,0.601022659807
2018_1112_1252,0.906609330785
2018_1112_1254,0.953505041091
2018_1112_1260,0.800588356758
2018_1112_1267,0.870172804762
2018_1112_1274,0.665367579266
2018_1112_1276,0.459224368175
2018_1112_1277,0.527045965047
2018_1112_1281,0.873769723367
2018_1112_1285,0.896708887117
2018_1112_1293,0.866514970888
2018_1112_1300,0.948083848608
2018_1112_1301,0.805176639629
2018_1112_1305,0.735617321384
2018_1112_1308,0.815292506033
2018_1112_1314,0.486255152083
2018_1112_1326,0.688859491217
2018_1112_1328,0.815821917399
2018_1112_1335,0.881268219233
2018_1112_1344,0.708325491405
2018_1112_1345,0.570124528515
2018_1112_1347,0.932641623957
2018_1112_1348,0.741338259469
2018_1112_1355,0.84326707295
2018_1112_1361,0.770952433163
2018_1112_1371,0.7161219516
2018_1112_1372,0.870610190104
2018_1112_1382,0.78815986336
2018_1112_1393,0.792172442503
2018_1112_1395,0.74282208928
2018_1112_1397,0.709809636717
2018_1112_1400,0.788679434765
2018_1112_1401,0.79611712167
2018_1112_1403,0.699738118396
2018_1112_1411,0.942218852479
2018_1112_1417,0.715319639232
2018_1112_1420,0.928132696769
2018_1112_1422,0.864057684941
2018_1112_1437,0.304173714201
2018_1112_1438,0.340288734235
2018_1112_1439,0.725895161117
2018_1112_1452,0.555363962446
2018_1112_1455,0.622671710504
2018_1112_1460,0.916028209999
2018_1112_1462,0.563698360852
2018_1113_1116,0.392476316464
2018_1113_1120,0.448080907267
2018_1113_1137,0.649703131075
2018_1113_1138,0.514498129766
2018_1113_1139,0.446206213747
2018_1113_1153,0.229219172531
2018_1113_1155,0.395129515941
2018_1113_1158,0.584801410527
2018_1113_1166,0.442562261074
2018_1113_1168,0.79873503061
2018_1113_1172,0.538854297133
2018_1113_1181,0.217475703366
2018_1113_1196,0.370833821461
2018_1113_1199,0.413648057714
2018_1113_1209,0.771356681664
2018_1113_1211,0.222177728597
2018_1113_1222,0.320903852691
2018_1113_1233,0.78544407012
2018_1113_1242,0.233833146911
2018_1113_1243,0.390997515919
2018_1113_1246,0.290832872972
2018_1113_1252,0.787999746417
2018_1113_1254,0.878558426365
2018_1113_1260,0.521057111879
2018_1113_1267,0.706820786578
2018_1113_1274,0.350303933694
2018_1113_1276,0.23578771998
2018_1113_1277,0.273899898914
2018_1113_1281,0.65799749595
2018_1113_1285,0.753701692143
2018_1113_1293,0.693544158499
2018_1113_1300,0.862001640649
2018_1113_1301,0.472189820465
2018_1113_1305,0.399197823152
2018_1113_1308,0.536302495928
2018_1113_1314,0.242713265208
2018_1113_1326,0.356632461114
2018_1113_1328,0.535273146396
2018_1113_1335,0.725842607303
2018_1113_1344,0.402614887774
2018_1113_1345,0.302573411961
2018_1113_1347,0.83467288266
2018_1113_1348,0.381638187398
2018_1113_1355,0.614149514927
2018_1113_1361,0.474017788849
2018_1113_1371,0.41658031899
2018_1113_1372,0.695365484971
2018_1113_1382,0.468202888875
2018_1113_1393,0.483572015161
2018_1113_1395,0.380754963645
2018_1113_1397,0.366835970373
2018_1113_1400,0.475743273474
2018_1113_1401,0.488100112319
2018_1113_1403,0.38815394384
2018_1113_1411,0.847398858169
2018_1113_1417,0.412548305038
2018_1113_1420,0.812307685875
2018_1113_1422,0.663959029225
2018_1113_1437,0.156693928352
2018_1113_1438,0.165396542336
2018_1113_1439,0.434167925219
2018_1113_1452,0.279129790567
2018_1113_1455,0.311058118554
2018_1113_1460,0.779857737969
2018_1113_1462,0.306191167023
2018_1116_1120,0.511313270502
2018_1116_1137,0.654098810318
2018_1116_1138,0.589730802367
2018_1116_1139,0.440140038784
2018_1116_1153,0.246169243114
2018_1116_1155,0.420469629329
2018_1116_1158,0.617817638146
2018_1116_1166,0.479273490549
2018_1116_1168,0.804614644551
2018_1116_1172,0.594291891612
2018_1116_1181,0.224071670216
2018_1116_1196,0.427026203114
2018_1116_1199,0.455786140207
2018_1116_1209,0.766898906617
2018_1116_1211,0.222753852365
2018_1116_1222,0.363174579871
2018_1116_1233,0.783371370635
2018_1116_1242,0.238624849255
2018_1116_1243,0.409168826694
2018_1116_1246,0.310933634252
2018_1116_1252,0.796327773998
2018_1116_1254,0.884032016719
2018_1116_1260,0.587951548154
2018_1116_1267,0.705489631547
2018_1116_1274,0.370964181807
2018_1116_1276,0.231468424481
2018_1116_1277,0.277904309017
2018_1116_1281,0.719888173315
2018_1116_1285,0.755826648127
2018_1116_1293,0.686501104322
2018_1116_1300,0.877339787175
2018_1116_1301,0.546129523604
2018_1116_1305,0.47138809476
2018_1116_1308,0.620448477975
2018_1116_1314,0.25003000379
2018_1116_1326,0.391591057713
2018_1116_1328,0.592823809616
2018_1116_1335,0.725979923892
2018_1116_1344,0.435065820322
2018_1116_1345,0.302104281902
2018_1116_1347,0.846032086101
2018_1116_1348,0.465034949229
2018_1116_1355,0.653813760913
2018_1116_1361,0.538836070084
2018_1116_1371,0.438976734423
2018_1116_1372,0.706507241578
2018_1116_1382,0.534493916931
2018_1116_1393,0.555940298913
2018_1116_1395,0.465307867777
2018_1116_1397,0.409498906002
2018_1116_1400,0.550908475415
2018_1116_1401,0.564403034211
2018_1116_1403,0.428492184709
2018_1116_1411,0.857554853035
2018_1116_1417,0.435670643036
2018_1116_1420,0.828179025216
2018_1116_1422,0.681788672325
2018_1116_1437,0.152611289326
2018_1116_1438,0.164884419507
2018_1116_1439,0.45768791085
2018_1116_1452,0.286910094981
2018_1116_1455,0.316345632662
2018_1116_1460,0.778109864135
2018_1116_1462,0.296614618702
2018_1120_1137,0.646510225877
2018_1120_1138,0.548657364198
2018_1120_1139,0.448986280859
2018_1120_1153,0.236108675667
2018_1120_1155,0.408385614455
2018_1120_1158,0.595782709822
2018_1120_1166,0.445475414071
2018_1120_1168,0.804539658777
2018_1120_1172,0.565765660448
2018_1120_1181,0.221726101345
2018_1120_1196,0.383792006848
2018_1120_1199,0.421367962126
2018_1120_1209,0.763798537397
2018_1120_1211,0.224768530315
2018_1120_1222,0.334423552206
2018_1120_1233,0.772541295218
2018_1120_1242,0.227393598705
2018_1120_1243,0.393630036932
2018_1120_1246,0.297225567313
2018_1120_1252,0.791837761498
2018_1120_1254,0.882175870064
2018_1120_1260,0.551340885613
2018_1120_1267,0.697905205952
2018_1120_1274,0.356107206704
2018_1120_1276,0.226624182371
2018_1120_1277,0.274729252129
2018_1120_1281,0.689310273373
2018_1120_1285,0.748061193465
2018_1120_1293,0.677384795253
2018_1120_1300,0.868790419192
2018_1120_1301,0.506732419451
2018_1120_1305,0.432247856489
2018_1120_1308,0.577394087172
2018_1120_1314,0.245302903489
2018_1120_1326,0.376122418501
2018_1120_1328,0.570228909448
2018_1120_1335,0.713039184186
2018_1120_1344,0.420909378574
2018_1120_1345,0.299625274177
2018_1120_1347,0.841452505877
2018_1120_1348,0.420687878485
2018_1120_1355,0.637740609429
2018_1120_1361,0.502991256767
2018_1120_1371,0.434397966546
2018_1120_1372,0.694490378365
2018_1120_1382,0.50773542849
2018_1120_1393,0.5242600364
2018_1120_1395,0.419960327394
2018_1120_1397,0.390100456639
2018_1120_1400,0.509817025645
2018_1120_1401,0.527401813996
2018_1120_1403,0.410552893777
2018_1120_1411,0.855634736274
2018_1120_1417,0.428011121582
2018_1120_1420,0.813061619311
2018_1120_1422,0.66560677894
2018_1120_1437,0.152670913685
2018_1120_1438,0.159943667758
2018_1120_1439,0.439719202705
2018_1120_1452,0.284147621779
2018_1120_1455,0.301640881962
2018_1120_1460,0.775964721761
2018_1120_1462,0.303838827884
2018_1137_1138,0.364317281739
2018_1137_1139,0.333339089056
2018_1137_1153,0.17945735844
2018_1137_1155,0.302244686756
2018_1137_1158,0.42368569043
2018_1137_1166,0.336065874101
2018_1137_1168,0.7262164913
2018_1137_1172,0.354951067944
2018_1137_1181,0.171595379866
2018_1137_1196,0.269809856973
2018_1137_1199,0.325234440697
2018_1137_1209,0.68887018049
2018_1137_1211,0.173152554186
2018_1137_1222,0.228439254892
2018_1137_1233,0.686511128213
2018_1137_1242,0.178549037303
2018_1137_1243,0.313304432845
2018_1137_1246,0.214163786127
2018_1137_1252,0.704243998173
2018_1137_1254,0.851994680588
2018_1137_1260,0.330758016172
2018_1137_1267,0.566218587895
2018_1137_1274,0.28105004745
2018_1137_1276,0.173453053996
2018_1137_1277,0.223369686469
2018_1137_1281,0.51723285607
2018_1137_1285,0.650965306794
2018_1137_1293,0.578700239573
2018_1137_1300,0.832991836407
2018_1137_1301,0.336369928711
2018_1137_1305,0.270489919024
2018_1137_1308,0.358048034644
2018_1137_1314,0.19152091492
2018_1137_1326,0.278562724023
2018_1137_1328,0.410176186911
2018_1137_1335,0.590159476428
2018_1137_1344,0.329129883758
2018_1137_1345,0.245912969903
2018_1137_1347,0.786517993457
2018_1137_1348,0.288139745038
2018_1137_1355,0.452340974063
2018_1137_1361,0.313015231717
2018_1137_1371,0.29793449837
2018_1137_1372,0.586071819492
2018_1137_1382,0.34241989886
2018_1137_1393,0.360241047938
2018_1137_1395,0.267893804082
2018_1137_1397,0.283956503431
2018_1137_1400,0.351853877442
2018_1137_1401,0.355700744379
2018_1137_1403,0.290349999575
2018_1137_1411,0.826695090769
2018_1137_1417,0.29663732506
2018_1137_1420,0.762788068664
2018_1137_1422,0.551902828513
2018_1137_1437,0.127066379678
2018_1137_1438,0.14909821688
2018_1137_1439,0.336959978284
2018_1137_1452,0.235987403262
2018_1137_1455,0.237801952651
2018_1137_1460,0.706956113682
2018_1137_1462,0.246668294104
2018_1138_1139,0.417399771682
2018_1138_1153,0.239914748938
2018_1138_1155,0.38296855908
2018_1138_1158,0.487993113193
2018_1138_1166,0.420380585142
2018_1138_1168,0.771327195668
2018_1138_1172,0.442886064362
2018_1138_1181,0.228111942549
2018_1138_1196,0.346168731034
2018_1138_1199,0.410975188216
2018_1138_1209,0.752770148997
2018_1138_1211,0.220704443387
2018_1138_1222,0.297441685527
2018_1138_1233,0.750720273906
2018_1138_1242,0.225159245971
2018_1138_1243,0.392557824734
2018_1138_1246,0.273658514434
2018_1138_1252,0.737978612345
2018_1138_1254,0.882015487887
2018_1138_1260,0.424799135327
2018_1138_1267,0.644868949736
2018_1138_1274,0.356378738613
2018_1138_1276,0.226934614316
2018_1138_1277,0.282106629357
2018_1138_1281,0.599232411841
2018_1138_1285,0.72139185397
2018_1138_1293,0.653857499774
2018_1138_1300,0.866262068439
2018_1138_1301,0.419909176018
2018_1138_1305,0.348815621477
2018_1138_1308,0.456932421567
2018_1138_1314,0.250674633009
2018_1138_1326,0.356190381214
2018_1138_1328,0.512482561828
2018_1138_1335,0.667021747397
2018_1138_1344,0.415089101579
2018_1138_1345,0.315752688478
2018_1138_1347,0.82712502747
2018_1138_1348,0.366606878387
2018_1138_1355,0.531263788638
2018_1138_1361,0.407844676432
2018_1138_1371,0.380365706443
2018_1138_1372,0.662809823084
2018_1138_1382,0.440446262737
2018_1138_1393,0.464701561244
2018_1138_1395,0.346110981252
2018_1138_1397,0.364528367811
2018_1138_1400,0.447878927922
2018_1138_1401,0.457253715986
2018_1138_1403,0.3612791154
2018_1138_1411,0.854324135304
2018_1138_1417,0.376672043183
2018_1138_1420,0.803503395476
2018_1138_1422,0.636034570389
2018_1138_1437,0.15904264026
2018_1138_1438,0.180394508821
2018_1138_1439,0.421356647552
2018_1138_1452,0.29635098714
2018_1138_1455,0.310965051489
2018_1138_1460,0.770434632204
2018_1138_1462,0.31663245438
2018_1139_1153,0.249465921874
2018_1139_1155,0.453481324301
2018_1139_1158,0.639672974413
2018_1139_1166,0.550454382532
2018_1139_1168,0.805383262762
2018_1139_1172,0.620821347529
2018_1139_1181,0.229590574754
2018_1139_1196,0.456563879163
2018_1139_1199,0.525360691676
2018_1139_1209,0.759359345794
2018_1139_1211,0.22789252011
2018_1139_1222,0.399203324019
2018_1139_1233,0.780249881855
2018_1139_1242,0.250316751719
2018_1139_1243,0.450602674193
2018_1139_1246,0.337031451926
2018_1139_1252,0.796186234473
2018_1139_1254,0.878385336011
2018_1139_1260,0.615250431986
2018_1139_1267,0.716027035181
2018_1139_1274,0.423464494975
2018_1139_1276,0.243117528702
2018_1139_1277,0.283634104424
2018_1139_1281,0.737518144265
2018_1139_1285,0.746253371493
2018_1139_1293,0.703953002057
2018_1139_1300,0.868526630553
2018_1139_1301,0.567052233813
2018_1139_1305,0.491623187341
2018_1139_1308,0.640056536218
2018_1139_1314,0.26213178035
2018_1139_1326,0.423994247941
2018_1139_1328,0.638342198487
2018_1139_1335,0.735572688597
2018_1139_1344,0.493961071318
2018_1139_1345,0.313362858513
2018_1139_1347,0.835433309131
2018_1139_1348,0.49401819377
2018_1139_1355,0.677011342651
2018_1139_1361,0.562457215207
2018_1139_1371,0.478095888891
2018_1139_1372,0.69577860589
2018_1139_1382,0.554858982003
2018_1139_1393,0.594477686566
2018_1139_1395,0.49478760333
2018_1139_1397,0.436416492994
2018_1139_1400,0.594635405437
2018_1139_1401,0.585673203889
2018_1139_1403,0.455694790047
2018_1139_1411,0.852037177756
2018_1139_1417,0.471602267548
2018_1139_1420,0.823177462676
2018_1139_1422,0.682456886894
2018_1139_1437,0.163198940723
2018_1139_1438,0.171027851573
2018_1139_1439,0.498916907925
2018_1139_1452,0.293391498059
2018_1139_1455,0.342431890052
2018_1139_1460,0.770783712788
2018_1139_1462,0.310968678733
2018_1153_1155,0.722984649817
2018_1153_1158,0.832633255148
2018_1153_1166,0.761142140958
2018_1153_1168,0.923343773776
2018_1153_1172,0.828917963743
2018_1153_1181,0.467112994648
2018_1153_1196,0.714150978251
2018_1153_1199,0.751468172953
2018_1153_1209,0.914423777947
2018_1153_1211,0.471480637327
2018_1153_1222,0.661445360362
2018_1153_1233,0.916595516384
2018_1153_1242,0.505321726511
2018_1153_1243,0.714334128279
2018_1153_1246,0.627107453038
2018_1153_1252,0.913223909311
2018_1153_1254,0.956973142981
2018_1153_1260,0.814057357038
2018_1153_1267,0.882654820602
2018_1153_1274,0.670805154958
2018_1153_1276,0.478407096877
2018_1153_1277,0.551445040599
2018_1153_1281,0.885402378345
2018_1153_1285,0.903011777965
2018_1153_1293,0.873813664061
2018_1153_1300,0.952140710219
2018_1153_1301,0.823056234915
2018_1153_1305,0.761426244778
2018_1153_1308,0.823801274773
2018_1153_1314,0.499243663569
2018_1153_1326,0.70772951331
2018_1153_1328,0.829134120048
2018_1153_1335,0.889095502528
2018_1153_1344,0.725037224303
2018_1153_1345,0.588895045016
2018_1153_1347,0.935762510531
2018_1153_1348,0.758440011988
2018_1153_1355,0.850723112804
2018_1153_1361,0.79052509214
2018_1153_1371,0.72767317331
2018_1153_1372,0.878156988223
2018_1153_1382,0.801392294435
2018_1153_1393,0.800562898806
2018_1153_1395,0.754929625422
2018_1153_1397,0.716420731437
2018_1153_1400,0.797018762531
2018_1153_1401,0.807045845677
2018_1153_1403,0.71578646366
2018_1153_1411,0.949620518115
2018_1153_1417,0.726891057115
2018_1153_1420,0.931762438658
2018_1153_1422,0.868935342395
2018_1153_1437,0.326653931643
2018_1153_1438,0.367600413059
2018_1153_1439,0.740407784507
2018_1153_1452,0.57684263878
2018_1153_1455,0.637676695098
2018_1153_1460,0.922299900896
2018_1153_1462,0.580822700819
2018_1155_1158,0.624963529076
2018_1155_1166,0.498051230606
2018_1155_1168,0.816800294276
2018_1155_1172,0.607019782819
2018_1155_1181,0.225522393532
2018_1155_1196,0.439815943823
2018_1155_1199,0.478616660469
2018_1155_1209,0.792399920681
2018_1155_1211,0.215125800496
2018_1155_1222,0.377433537185
2018_1155_1233,0.807522600681
2018_1155_1242,0.245360479718
2018_1155_1243,0.425338324809
2018_1155_1246,0.319363250974
2018_1155_1252,0.804817060363
2018_1155_1254,0.889603222926
2018_1155_1260,0.59861102766
2018_1155_1267,0.728123212781
2018_1155_1274,0.383197784578
2018_1155_1276,0.232429434075
2018_1155_1277,0.287873132267
2018_1155_1281,0.728553840775
2018_1155_1285,0.778438279407
2018_1155_1293,0.709917611819
2018_1155_1300,0.883053256887
2018_1155_1301,0.554908279563
2018_1155_1305,0.480236644029
2018_1155_1308,0.632205418739
2018_1155_1314,0.257538854633
2018_1155_1326,0.404549045655
2018_1155_1328,0.610592027816
2018_1155_1335,0.749158449314
2018_1155_1344,0.453172843323
2018_1155_1345,0.312437853433
2018_1155_1347,0.851513860901
2018_1155_1348,0.485542003876
2018_1155_1355,0.668351922779
2018_1155_1361,0.551208896371
2018_1155_1371,0.461228470025
2018_1155_1372,0.725995996173
2018_1155_1382,0.546243039079
2018_1155_1393,0.565651929665
2018_1155_1395,0.472088475964
2018_1155_1397,0.419836649462
2018_1155_1400,0.562979981473
2018_1155_1401,0.580227922533
2018_1155_1403,0.43895298416
2018_1155_1411,0.865312788021
2018_1155_1417,0.454764320698
2018_1155_1420,0.83548073856
2018_1155_1422,0.705154986084
2018_1155_1437,0.153896576268
2018_1155_1438,0.172182200916
2018_1155_1439,0.476150341334
2018_1155_1452,0.297557235978
2018_1155_1455,0.322263832379
2018_1155_1460,0.804481977872
2018_1155_1462,0.315078195836
2018_1158_1166,0.373035311681
2018_1158_1168,0.733246538929
2018_1158_1172,0.383198631649
2018_1158_1181,0.177401900207
2018_1158_1196,0.296270104158
2018_1158_1199,0.349144401695
2018_1158_1209,0.709469728877
2018_1158_1211,0.176245841255
2018_1158_1222,0.245625322668
2018_1158_1233,0.710430221816
2018_1158_1242,0.190773666951
2018_1158_1243,0.331342110361
2018_1158_1246,0.235091230902
2018_1158_1252,0.707052807236
2018_1158_1254,0.853055346153
2018_1158_1260,0.36645705916
2018_1158_1267,0.600063899313
2018_1158_1274,0.305127694151
2018_1158_1276,0.182622894451
2018_1158_1277,0.240929993917
2018_1158_1281,0.545555018672
2018_1158_1285,0.677688119819
2018_1158_1293,0.592013271758
2018_1158_1300,0.831481054351
2018_1158_1301,0.359529592598
2018_1158_1305,0.300911516004
2018_1158_1308,0.397825354367
2018_1158_1314,0.212277680462
2018_1158_1326,0.304336242848
2018_1158_1328,0.445387485704
2018_1158_1335,0.629292772056
2018_1158_1344,0.355568829366
2018_1158_1345,0.273099471336
2018_1158_1347,0.780523115963
2018_1158_1348,0.310731692581
2018_1158_1355,0.462053540624
2018_1158_1361,0.32671120385
2018_1158_1371,0.336270188986
2018_1158_1372,0.596405167243
2018_1158_1382,0.377752594671
2018_1158_1393,0.399709268901
2018_1158_1395,0.304465427052
2018_1158_1397,0.319052215751
2018_1158_1400,0.382919834044
2018_1158_1401,0.396950805865
2018_1158_1403,0.312634178298
2018_1158_1411,0.804229513046
2018_1158_1417,0.330468764104
2018_1158_1420,0.760603821141
2018_1158_1422,0.551988857177
2018_1158_1437,0.129980389062
2018_1158_1438,0.141526470377
2018_1158_1439,0.37106857545
2018_1158_1452,0.251213263972
2018_1158_1455,0.251651627556
2018_1158_1460,0.723576706329
2018_1158_1462,0.27911970792
2018_1166_1168,0.773300135705
2018_1166_1172,0.550453938148
2018_1166_1181,0.198972143871
2018_1166_1196,0.38579058946
2018_1166_1199,0.437305327796
2018_1166_1209,0.705294690603
2018_1166_1211,0.194186666773
2018_1166_1222,0.329214730062
2018_1166_1233,0.724556941845
2018_1166_1242,0.208517785235
2018_1166_1243,0.362840830491
2018_1166_1246,0.277295501102
2018_1166_1252,0.759211876091
2018_1166_1254,0.84830566056
2018_1166_1260,0.544607536971
2018_1166_1267,0.667821097285
2018_1166_1274,0.337189114531
2018_1166_1276,0.203938371379
2018_1166_1277,0.244370001428
2018_1166_1281,0.66372763675
2018_1166_1285,0.707799760399
2018_1166_1293,0.652234785471
2018_1166_1300,0.847727806021
2018_1166_1301,0.484285143107
2018_1166_1305,0.428051846331
2018_1166_1308,0.581367086868
2018_1166_1314,0.224615002534
2018_1166_1326,0.346010995313
2018_1166_1328,0.585091222576
2018_1166_1335,0.689154713572
2018_1166_1344,0.411911063221
2018_1166_1345,0.252811913597
2018_1166_1347,0.806999082841
2018_1166_1348,0.422989157661
2018_1166_1355,0.616082471754
2018_1166_1361,0.50433232487
2018_1166_1371,0.386118651745
2018_1166_1372,0.655759297804
2018_1166_1382,0.475460145543
2018_1166_1393,0.518351339191
2018_1166_1395,0.401986572536
2018_1166_1397,0.349486073197
2018_1166_1400,0.513350938542
2018_1166_1401,0.509258441043
2018_1166_1403,0.367427830452
2018_1166_1411,0.826116993226
2018_1166_1417,0.380179571508
2018_1166_1420,0.78769929161
2018_1166_1422,0.641587868388
2018_1166_1437,0.133359492453
2018_1166_1438,0.141297382985
2018_1166_1439,0.398139742772
2018_1166_1452,0.243404053395
2018_1166_1455,0.263312984138
2018_1166_1460,0.723016485526
2018_1166_1462,0.253163225042
2018_1168_1172,0.180847673039
2018_1168_1181,0.0940311248442
2018_1168_1196,0.15852997945
2018_1168_1199,0.195773967191
2018_1168_1209,0.446167980364
2018_1168_1211,0.0966838060095
2018_1168_1222,0.119679525045
2018_1168_1233,0.461920943028
2018_1168_1242,0.0994289298018
2018_1168_1243,0.185820079051
2018_1168_1246,0.123464020182
2018_1168_1252,0.432651493441
2018_1168_1254,0.693965226633
2018_1168_1260,0.168077200419
2018_1168_1267,0.331088464952
2018_1168_1274,0.178966665673
2018_1168_1276,0.0990369963781
2018_1168_1277,0.131550352523
2018_1168_1281,0.308498754002
2018_1168_1285,0.401668115224
2018_1168_1293,0.302099755231
2018_1168_1300,0.680900811615
2018_1168_1301,0.180662957953
2018_1168_1305,0.147283709362
2018_1168_1308,0.177094072826
2018_1168_1314,0.11182986466
2018_1168_1326,0.162024724606
2018_1168_1328,0.254398995945
2018_1168_1335,0.342956990968
2018_1168_1344,0.197212832945
2018_1168_1345,0.151046608389
2018_1168_1347,0.587657936717
2018_1168_1348,0.158836602341
2018_1168_1355,0.238283682491
2018_1168_1361,0.147105349019
2018_1168_1371,0.182915540261
2018_1168_1372,0.31338681155
2018_1168_1382,0.193406139927
2018_1168_1393,0.22634842152
2018_1168_1395,0.158183568156
2018_1168_1397,0.171224121023
2018_1168_1400,0.214756258413
2018_1168_1401,0.218934539948
2018_1168_1403,0.173246332277
2018_1168_1411,0.639166572141
2018_1168_1417,0.185361314099
2018_1168_1420,0.540255718362
2018_1168_1422,0.261935974527
2018_1168_1437,0.0726032527351
2018_1168_1438,0.079077039134
2018_1168_1439,0.213424760338
2018_1168_1452,0.13431825612
2018_1168_1455,0.146755868634
2018_1168_1460,0.447119578272
2018_1168_1462,0.150689303343
2018_1172_1181,0.243779354465
2018_1172_1196,0.407373948381
2018_1172_1199,0.447291759401
2018_1172_1209,0.804468835796
2018_1172_1211,0.243696252222
2018_1172_1222,0.356380267665
2018_1172_1233,0.805201494845
2018_1172_1242,0.24872916599
2018_1172_1243,0.420300538851
2018_1172_1246,0.320499323115
2018_1172_1252,0.81809461638
2018_1172_1254,0.900814196554
2018_1172_1260,0.558590899261
2018_1172_1267,0.736471200556
2018_1172_1274,0.373814566863
2018_1172_1276,0.250728315064
2018_1172_1277,0.316080007953
2018_1172_1281,0.693005993566
2018_1172_1285,0.777714547069
2018_1172_1293,0.72165950924
2018_1172_1300,0.890305805915
2018_1172_1301,0.547520287289
2018_1172_1305,0.452998089403
2018_1172_1308,0.584040364155
2018_1172_1314,0.286271429333
2018_1172_1326,0.418333402151
2018_1172_1328,0.586457639938
2018_1172_1335,0.743166478172
2018_1172_1344,0.442276959736
2018_1172_1345,0.344303750661
2018_1172_1347,0.849905095254
2018_1172_1348,0.471084933364
2018_1172_1355,0.654988897477
2018_1172_1361,0.543200085522
2018_1172_1371,0.448747980532
2018_1172_1372,0.729583487594
2018_1172_1382,0.541617020942
2018_1172_1393,0.527075478494
2018_1172_1395,0.458830421601
2018_1172_1397,0.432048679202
2018_1172_1400,0.510153330511
2018_1172_1401,0.535412560253
2018_1172_1403,0.423425795678
2018_1172_1411,0.872353420347
2018_1172_1417,0.444867023153
2018_1172_1420,0.838577852784
2018_1172_1422,0.718042838709
2018_1172_1437,0.1723254535
2018_1172_1438,0.18126381621
2018_1172_1439,0.453042653894
2018_1172_1452,0.338502117044
2018_1172_1455,0.336389630182
2018_1172_1460,0.812630845941
2018_1172_1462,0.350024897555
2018_1181_1196,0.705176920202
2018_1181_1199,0.738751090791
2018_1181_1209,0.911618522194
2018_1181_1211,0.440617494556
2018_1181_1222,0.661334612392
2018_1181_1233,0.910325052898
2018_1181_1242,0.465467607764
2018_1181_1243,0.699277262493
2018_1181_1246,0.617891168945
2018_1181_1252,0.915042975876
2018_1181_1254,0.957346389127
2018_1181_1260,0.808793071108
2018_1181_1267,0.870361814389
2018_1181_1274,0.668651589731
2018_1181_1276,0.448120724315
2018_1181_1277,0.514653559215
2018_1181_1281,0.87842985429
2018_1181_1285,0.899093190745
2018_1181_1293,0.870731915264
2018_1181_1300,0.950478992242
2018_1181_1301,0.811751572941
2018_1181_1305,0.745918221873
2018_1181_1308,0.823689318497
2018_1181_1314,0.464705545524
2018_1181_1326,0.692448417371
2018_1181_1328,0.82287457076
2018_1181_1335,0.883782887385
2018_1181_1344,0.711729062114
2018_1181_1345,0.546477239824
2018_1181_1347,0.939088674081
2018_1181_1348,0.746182577356
2018_1181_1355,0.854884915823
2018_1181_1361,0.791749717616
2018_1181_1371,0.725058353579
2018_1181_1372,0.8746391658
2018_1181_1382,0.789552095554
2018_1181_1393,0.795068277774
2018_1181_1395,0.740970026369
2018_1181_1397,0.702866441591
2018_1181_1400,0.789880844571
2018_1181_1401,0.801685589137
2018_1181_1403,0.705323772185
2018_1181_1411,0.949283062442
2018_1181_1417,0.720020663261
2018_1181_1420,0.929699942362
2018_1181_1422,0.869773374114
2018_1181_1437,0.315585064454
2018_1181_1438,0.367003064634
2018_1181_1439,0.728517379788
2018_1181_1452,0.564377932097
2018_1181_1455,0.626506516242
2018_1181_1460,0.919069188871
2018_1181_1462,0.553379060537
2018_1196_1199,0.516960685858
2018_1196_1209,0.825049623692
2018_1196_1211,0.250597339119
2018_1196_1222,0.404860398699
2018_1196_1233,0.830115308248
2018_1196_1242,0.269071788598
2018_1196_1243,0.463206076412
2018_1196_1246,0.344908134342
2018_1196_1252,0.820742441893
2018_1196_1254,0.910527935132
2018_1196_1260,0.62840506619
2018_1196_1267,0.760333385701
2018_1196_1274,0.42005617217
2018_1196_1276,0.260036768136
2018_1196_1277,0.318527960363
2018_1196_1281,0.758097441182
2018_1196_1285,0.805760221539
2018_1196_1293,0.736998382845
2018_1196_1300,0.89801384704
2018_1196_1301,0.63020529686
2018_1196_1305,0.52400707254
2018_1196_1308,0.656107177467
2018_1196_1314,0.288205307978
2018_1196_1326,0.459679531257
2018_1196_1328,0.650409254216
2018_1196_1335,0.76831783095
2018_1196_1344,0.493772186965
2018_1196_1345,0.362660939785
2018_1196_1347,0.866083679296
2018_1196_1348,0.540941777295
2018_1196_1355,0.692638796037
2018_1196_1361,0.581479311525
2018_1196_1371,0.501887125011
2018_1196_1372,0.753865462229
2018_1196_1382,0.605395576258
2018_1196_1393,0.613755696283
2018_1196_1395,0.530622423686
2018_1196_1397,0.474656417097
2018_1196_1400,0.608918144955
2018_1196_1401,0.623454885302
2018_1196_1403,0.479395231516
2018_1196_1411,0.882303207548
2018_1196_1417,0.493004334699
2018_1196_1420,0.854354289318
2018_1196_1422,0.728400021722
2018_1196_1437,0.174294104769
2018_1196_1438,0.188698698825
2018_1196_1439,0.519102697465
2018_1196_1452,0.345930752265
2018_1196_1455,0.375432189726
2018_1196_1460,0.838146218787
2018_1196_1462,0.365500087329
2018_1199_1209,0.717345393729
2018_1199_1211,0.197318634639
2018_1199_1222,0.341919081381
2018_1199_1233,0.736114695483
2018_1199_1242,0.231055198707
2018_1199_1243,0.373663505911
2018_1199_1246,0.296183790173
2018_1199_1252,0.761605663993
2018_1199_1254,0.851569777206
2018_1199_1260,0.565956575098
2018_1199_1267,0.678351603197
2018_1199_1274,0.355338178787
2018_1199_1276,0.207962983528
2018_1199_1277,0.266085722916
2018_1199_1281,0.691460009322
2018_1199_1285,0.715347403588
2018_1199_1293,0.655459047936
2018_1199_1300,0.84972207651
2018_1199_1301,0.534404950176
2018_1199_1305,0.457515358332
2018_1199_1308,0.598834301813
2018_1199_1314,0.231225507809
2018_1199_1326,0.351214848966
2018_1199_1328,0.60056385606
2018_1199_1335,0.698978790106
2018_1199_1344,0.420909762678
2018_1199_1345,0.265826005812
2018_1199_1347,0.817319597091
2018_1199_1348,0.432052070502
2018_1199_1355,0.630985169649
2018_1199_1361,0.517246391965
2018_1199_1371,0.402694828362
2018_1199_1372,0.654597943415
2018_1199_1382,0.493982205506
2018_1199_1393,0.542149622314
2018_1199_1395,0.416071915551
2018_1199_1397,0.365724884946
2018_1199_1400,0.542312024156
2018_1199_1401,0.528502687357
2018_1199_1403,0.394775758272
2018_1199_1411,0.844001493281
2018_1199_1417,0.399248759267
2018_1199_1420,0.797348591144
2018_1199_1422,0.653181442722
2018_1199_1437,0.136229624296
2018_1199_1438,0.159679777689
2018_1199_1439,0.421685663948
2018_1199_1452,0.263219031797
2018_1199_1455,0.274771897013
2018_1199_1460,0.731387638313
2018_1199_1462,0.26593710597
2018_1209_1211,0.118655262853
2018_1209_1222,0.153816475849
2018_1209_1233,0.581571963153
2018_1209_1242,0.125684301324
2018_1209_1243,0.224873029515
2018_1209_1246,0.154759250968
2018_1209_1252,0.566806481975
2018_1209_1254,0.76805968184
2018_1209_1260,0.217576085645
2018_1209_1267,0.418990760877
2018_1209_1274,0.216370653871
2018_1209_1276,0.125203261791
2018_1209_1277,0.160041449574
2018_1209_1281,0.370369975304
2018_1209_1285,0.531533615567
2018_1209_1293,0.421594487529
2018_1209_1300,0.748465760608
2018_1209_1301,0.233390498971
2018_1209_1305,0.189849292051
2018_1209_1308,0.230751848588
2018_1209_1314,0.139174964034
2018_1209_1326,0.200852752728
2018_1209_1328,0.308782992927
2018_1209_1335,0.459517042163
2018_1209_1344,0.240635979935
2018_1209_1345,0.186391355616
2018_1209_1347,0.654599833016
2018_1209_1348,0.202021798216
2018_1209_1355,0.302155302391
2018_1209_1361,0.190614537176
2018_1209_1371,0.228008171322
2018_1209_1372,0.435483840458
2018_1209_1382,0.244379890791
2018_1209_1393,0.272555010213
2018_1209_1395,0.19922279268
2018_1209_1397,0.206932324018
2018_1209_1400,0.264226216778
2018_1209_1401,0.273700865625
2018_1209_1403,0.212552646352
2018_1209_1411,0.711495200758
2018_1209_1417,0.225324607522
2018_1209_1420,0.63623962107
2018_1209_1422,0.374098641435
2018_1209_1437,0.0919128395658
2018_1209_1438,0.0987619560968
2018_1209_1439,0.258548253203
2018_1209_1452,0.166133721008
2018_1209_1455,0.179257990129
2018_1209_1460,0.562287761992
2018_1209_1462,0.188258162142
2018_1211_1222,0.680728038241
2018_1211_1233,0.919208921073
2018_1211_1242,0.487835286049
2018_1211_1243,0.713609287199
2018_1211_1246,0.616589271585
2018_1211_1252,0.918548446501
2018_1211_1254,0.959595383431
2018_1211_1260,0.813491323299
2018_1211_1267,0.877374824532
2018_1211_1274,0.684202702155
2018_1211_1276,0.489090046048
2018_1211_1277,0.544209049353
2018_1211_1281,0.879849940069
2018_1211_1285,0.907736993479
2018_1211_1293,0.881484937612
2018_1211_1300,0.953649178567
2018_1211_1301,0.8030027347
2018_1211_1305,0.748584733677
2018_1211_1308,0.835880808653
2018_1211_1314,0.512305953824
2018_1211_1326,0.70159701898
2018_1211_1328,0.824172291012
2018_1211_1335,0.886326240512
2018_1211_1344,0.723528933434
2018_1211_1345,0.584235457538
2018_1211_1347,0.940611407811
2018_1211_1348,0.763777425171
2018_1211_1355,0.857068508291
2018_1211_1361,0.791702513815
2018_1211_1371,0.735100456137
2018_1211_1372,0.887730319621
2018_1211_1382,0.803295814816
2018_1211_1393,0.800608446847
2018_1211_1395,0.755470815028
2018_1211_1397,0.721695947368
2018_1211_1400,0.799832466057
2018_1211_1401,0.808370833267
2018_1211_1403,0.71186950419
2018_1211_1411,0.94896296825
2018_1211_1417,0.730178291848
2018_1211_1420,0.936797651864
2018_1211_1422,0.881845923998
2018_1211_1437,0.325511877164
2018_1211_1438,0.356866236705
2018_1211_1439,0.737792470293
2018_1211_1452,0.583650799941
2018_1211_1455,0.638352774898
2018_1211_1460,0.920909060684
2018_1211_1462,0.584686931362
2018_1222_1233,0.845057144235
2018_1222_1242,0.293871678082
2018_1222_1243,0.496219502566
2018_1222_1246,0.380090176886
2018_1222_1252,0.848276142626
2018_1222_1254,0.92462844651
2018_1222_1260,0.663786988199
2018_1222_1267,0.782660237163
2018_1222_1274,0.444260255916
2018_1222_1276,0.287236442865
2018_1222_1277,0.349811322084
2018_1222_1281,0.77546048493
2018_1222_1285,0.82505990721
2018_1222_1293,0.77380620421
2018_1222_1300,0.916607265929
2018_1222_1301,0.637032022157
2018_1222_1305,0.551509833441
2018_1222_1308,0.689555061273
2018_1222_1314,0.315479690812
2018_1222_1326,0.500071843599
2018_1222_1328,0.676027637162
2018_1222_1335,0.794331451922
2018_1222_1344,0.526826066121
2018_1222_1345,0.390130477867
2018_1222_1347,0.887002569219
2018_1222_1348,0.581100746347
2018_1222_1355,0.73070616503
2018_1222_1361,0.638999253103
2018_1222_1371,0.523931181701
2018_1222_1372,0.784337653931
2018_1222_1382,0.631502741815
2018_1222_1393,0.631094820582
2018_1222_1395,0.559642881778
2018_1222_1397,0.507007322834
2018_1222_1400,0.623721095667
2018_1222_1401,0.644853522289
2018_1222_1403,0.50404678212
2018_1222_1411,0.902108329723
2018_1222_1417,0.517659843943
2018_1222_1420,0.876237386954
2018_1222_1422,0.774638756284
2018_1222_1437,0.194887258514
2018_1222_1438,0.21766928928
2018_1222_1439,0.536493154174
2018_1222_1452,0.378410972393
2018_1222_1455,0.403257016629
2018_1222_1460,0.85693213546
2018_1222_1462,0.390572863216
2018_1233_1242,0.104655549807
2018_1233_1243,0.189583760305
2018_1233_1246,0.132643586845
2018_1233_1252,0.518979570058
2018_1233_1254,0.71038585063
2018_1233_1260,0.180243226798
2018_1233_1267,0.342267418116
2018_1233_1274,0.174983020273
2018_1233_1276,0.104245398698
2018_1233_1277,0.128092757856
2018_1233_1281,0.307467756473
2018_1233_1285,0.454439998433
2018_1233_1293,0.351637024019
2018_1233_1300,0.707199644055
2018_1233_1301,0.17756739201
2018_1233_1305,0.152366641463
2018_1233_1308,0.191399513866
2018_1233_1314,0.109744657079
2018_1233_1326,0.15946802468
2018_1233_1328,0.258552991651
2018_1233_1335,0.392913835861
2018_1233_1344,0.203522539748
2018_1233_1345,0.143803571578
2018_1233_1347,0.610568598174
2018_1233_1348,0.159277148799
2018_1233_1355,0.25283268124
2018_1233_1361,0.162900431076
2018_1233_1371,0.181020017153
2018_1233_1372,0.369690801738
2018_1233_1382,0.190674357454
2018_1233_1393,0.222376833668
2018_1233_1395,0.152228560297
2018_1233_1397,0.158812000221
2018_1233_1400,0.213245575441
2018_1233_1401,0.22337651179
2018_1233_1403,0.171730232845
2018_1233_1411,0.672818870259
2018_1233_1417,0.180293881952
2018_1233_1420,0.578541481737
2018_1233_1422,0.309708967788
2018_1233_1437,0.0760430849477
2018_1233_1438,0.0808877822947
2018_1233_1439,0.209412089531
2018_1233_1452,0.125583283931
2018_1233_1455,0.136172367864
2018_1233_1460,0.474985488819
2018_1233_1462,0.14211408284
2018_1242_1243,0.742212495139
2018_1242_1246,0.654051108703
2018_1242_1252,0.920938293051
2018_1242_1254,0.961290785041
2018_1242_1260,0.820171000414
2018_1242_1267,0.889377048882
2018_1242_1274,0.707652163913
2018_1242_1276,0.537775710923
2018_1242_1277,0.615933981206
2018_1242_1281,0.888257650084
2018_1242_1285,0.91173920704
2018_1242_1293,0.87801079504
2018_1242_1300,0.955726013144
2018_1242_1301,0.827649630053
2018_1242_1305,0.779198906509
2018_1242_1308,0.840302941509
2018_1242_1314,0.579049524701
2018_1242_1326,0.738318181412
2018_1242_1328,0.850183963253
2018_1242_1335,0.894826623736
2018_1242_1344,0.759474604187
2018_1242_1345,0.652438551212
2018_1242_1347,0.944448362373
2018_1242_1348,0.78885265022
2018_1242_1355,0.860914622493
2018_1242_1361,0.804070452328
2018_1242_1371,0.76400372568
2018_1242_1372,0.884415247815
2018_1242_1382,0.825139025342
2018_1242_1393,0.824567469376
2018_1242_1395,0.781882574801
2018_1242_1397,0.751567500845
2018_1242_1400,0.817500648228
2018_1242_1401,0.829077495349
2018_1242_1403,0.738989463385
2018_1242_1411,0.947761570454
2018_1242_1417,0.759442871008
2018_1242_1420,0.936141038258
2018_1242_1422,0.875458178012
2018_1242_1437,0.382618987032
2018_1242_1438,0.421345115345
2018_1242_1439,0.763283816563
2018_1242_1452,0.647351494012
2018_1242_1455,0.675845614034
2018_1242_1460,0.928773433256
2018_1242_1462,0.656896160965
2018_1243_1246,0.342486910254
2018_1243_1252,0.792899565304
2018_1243_1254,0.881497331042
2018_1243_1260,0.618494021425
2018_1243_1267,0.708558851466
2018_1243_1274,0.444053558348
2018_1243_1276,0.240144835824
2018_1243_1277,0.286396634409
2018_1243_1281,0.740933647528
2018_1243_1285,0.750726137102
2018_1243_1293,0.693732025429
2018_1243_1300,0.867195685204
2018_1243_1301,0.568282181168
2018_1243_1305,0.490927722371
2018_1243_1308,0.647853508137
2018_1243_1314,0.258363556141
2018_1243_1326,0.432124200218
2018_1243_1328,0.644045905825
2018_1243_1335,0.738805381259
2018_1243_1344,0.494449634987
2018_1243_1345,0.313558021704
2018_1243_1347,0.844281073263
2018_1243_1348,0.492285147211
2018_1243_1355,0.682822698936
2018_1243_1361,0.568169030915
2018_1243_1371,0.481068494425
2018_1243_1372,0.686079217672
2018_1243_1382,0.55682932691
2018_1243_1393,0.606476836873
2018_1243_1395,0.498176524334
2018_1243_1397,0.440921056308
2018_1243_1400,0.606632976974
2018_1243_1401,0.591676222785
2018_1243_1403,0.463942999957
2018_1243_1411,0.85175114655
2018_1243_1417,0.480084168439
2018_1243_1420,0.824723656251
2018_1243_1422,0.685498582947
2018_1243_1437,0.153947646664
2018_1243_1438,0.176166570728
2018_1243_1439,0.49861936507
2018_1243_1452,0.298458572158
2018_1243_1455,0.351399707056
2018_1243_1460,0.772892552724
2018_1243_1462,0.313526397114
2018_1246_1252,0.875756034169
2018_1246_1254,0.937626627432
2018_1246_1260,0.738617640208
2018_1246_1267,0.824135823745
2018_1246_1274,0.579432960868
2018_1246_1276,0.370440754971
2018_1246_1277,0.433204073851
2018_1246_1281,0.82970379343
2018_1246_1285,0.85970091218
2018_1246_1293,0.819450041569
2018_1246_1300,0.930489019461
2018_1246_1301,0.738608386509
2018_1246_1305,0.656893453561
2018_1246_1308,0.758245815352
2018_1246_1314,0.398345928748
2018_1246_1326,0.603713202625
2018_1246_1328,0.751769633154
2018_1246_1335,0.838435184523
2018_1246_1344,0.627831678573
2018_1246_1345,0.478887151427
2018_1246_1347,0.915299969406
2018_1246_1348,0.665654629776
2018_1246_1355,0.791098705286
2018_1246_1361,0.703186341469
2018_1246_1371,0.636676110893
2018_1246_1372,0.826065150176
2018_1246_1382,0.717814958272
2018_1246_1393,0.723824409237
2018_1246_1395,0.66737782377
2018_1246_1397,0.629511174309
2018_1246_1400,0.719735918189
2018_1246_1401,0.730637866291
2018_1246_1403,0.618151998547
2018_1246_1411,0.922119216879
2018_1246_1417,0.633562537342
2018_1246_1420,0.90363422638
2018_1246_1422,0.816201010827
2018_1246_1437,0.253923525346
2018_1246_1438,0.29952262874
2018_1246_1439,0.645670788055
2018_1246_1452,0.463758655974
2018_1246_1455,0.535822324645
2018_1246_1460,0.884085621475
2018_1246_1462,0.472359350326
2018_1252_1254,0.759703335529
2018_1252_1260,0.21397035878
2018_1252_1267,0.389078674408
2018_1252_1274,0.213472861062
2018_1252_1276,0.128647665762
2018_1252_1277,0.169986043225
2018_1252_1281,0.361523173606
2018_1252_1285,0.471916630244
2018_1252_1293,0.368895930976
2018_1252_1300,0.734239948894
2018_1252_1301,0.219209714475
2018_1252_1305,0.185381212848
2018_1252_1308,0.221136258086
2018_1252_1314,0.142580135009
2018_1252_1326,0.201507614104
2018_1252_1328,0.311649436885
2018_1252_1335,0.402746406552
2018_1252_1344,0.243227763489
2018_1252_1345,0.193871062078
2018_1252_1347,0.65428745227
2018_1252_1348,0.197266152197
2018_1252_1355,0.313166650108
2018_1252_1361,0.197720013501
2018_1252_1371,0.224583508216
2018_1252_1372,0.369589816474
2018_1252_1382,0.239829335069
2018_1252_1393,0.27277952239
2018_1252_1395,0.192797415774
2018_1252_1397,0.20319659082
2018_1252_1400,0.252579654712
2018_1252_1401,0.268377208335
2018_1252_1403,0.206361269706
2018_1252_1411,0.704310527156
2018_1252_1417,0.223730362579
2018_1252_1420,0.594393364203
2018_1252_1422,0.325003600013
2018_1252_1437,0.0938434541925
2018_1252_1438,0.108320081954
2018_1252_1439,0.251440121667
2018_1252_1452,0.173110463618
2018_1252_1455,0.179715940785
2018_1252_1460,0.518859553776
2018_1252_1462,0.198617963193
2018_1254_1260,0.123704144655
2018_1254_1267,0.246816358166
2018_1254_1274,0.121355449607
2018_1254_1276,0.0727476574774
2018_1254_1277,0.0965254704305
2018_1254_1281,0.210327858302
2018_1254_1285,0.304458839661
2018_1254_1293,0.225621349848
2018_1254_1300,0.581278939835
2018_1254_1301,0.135224470747
2018_1254_1305,0.109622358547
2018_1254_1308,0.133502384576
2018_1254_1314,0.0814104774637
2018_1254_1326,0.121263977202
2018_1254_1328,0.181307125747
2018_1254_1335,0.260203658886
2018_1254_1344,0.142834373099
2018_1254_1345,0.113835089736
2018_1254_1347,0.428214000513
2018_1254_1348,0.116596734562
2018_1254_1355,0.17002765115
2018_1254_1361,0.110108175368
2018_1254_1371,0.140365877635
2018_1254_1372,0.229353074228
2018_1254_1382,0.143863833762
2018_1254_1393,0.156645853353
2018_1254_1395,0.115599988261
2018_1254_1397,0.128340307544
2018_1254_1400,0.146677219135
2018_1254_1401,0.155768226177
2018_1254_1403,0.131178907438
2018_1254_1411,0.494636586267
2018_1254_1417,0.13993013651
2018_1254_1420,0.37777171457
2018_1254_1422,0.196481918372
2018_1254_1437,0.0525666042791
2018_1254_1438,0.0578899526791
2018_1254_1439,0.15181951111
2018_1254_1452,0.0978617469512
2018_1254_1455,0.107079657623
2018_1254_1460,0.339909258534
2018_1254_1462,0.113892520752
2018_1260_1267,0.720976832155
2018_1260_1274,0.368166184379
2018_1260_1276,0.229259719706
2018_1260_1277,0.278713855825
2018_1260_1281,0.673052385633
2018_1260_1285,0.77473479125
2018_1260_1293,0.71820060348
2018_1260_1300,0.885658226433
2018_1260_1301,0.507751949238
2018_1260_1305,0.413816390571
2018_1260_1308,0.563753652022
2018_1260_1314,0.25113519736
2018_1260_1326,0.405586327417
2018_1260_1328,0.556948761658
2018_1260_1335,0.739878501779
2018_1260_1344,0.430442515077
2018_1260_1345,0.312605900594
2018_1260_1347,0.851953063763
2018_1260_1348,0.434355881822
2018_1260_1355,0.637934643648
2018_1260_1361,0.51350500898
2018_1260_1371,0.432874719915
2018_1260_1372,0.720980157791
2018_1260_1382,0.498913019638
2018_1260_1393,0.504738215835
2018_1260_1395,0.419531165138
2018_1260_1397,0.406406711612
2018_1260_1400,0.48878470273
2018_1260_1401,0.506325173743
2018_1260_1403,0.407147723795
2018_1260_1411,0.86935142484
2018_1260_1417,0.429024200974
2018_1260_1420,0.835399740879
2018_1260_1422,0.709218679268
2018_1260_1437,0.158969262295
2018_1260_1438,0.180620089935
2018_1260_1439,0.446896679173
2018_1260_1452,0.318558446338
2018_1260_1455,0.342676639263
2018_1260_1460,0.811113356483
2018_1260_1462,0.318629182839
2018_1267_1274,0.245851569788
2018_1267_1276,0.142625205602
2018_1267_1277,0.187207199356
2018_1267_1281,0.466912146431
2018_1267_1285,0.601963082798
2018_1267_1293,0.507286667485
2018_1267_1300,0.798247032016
2018_1267_1301,0.289044033911
2018_1267_1305,0.227148774786
2018_1267_1308,0.30770432882
2018_1267_1314,0.162042749422
2018_1267_1326,0.242567114589
2018_1267_1328,0.372980326058
2018_1267_1335,0.54587547409
2018_1267_1344,0.297580509321
2018_1267_1345,0.212891340545
2018_1267_1347,0.740463241896
2018_1267_1348,0.248358700319
2018_1267_1355,0.390209770774
2018_1267_1361,0.253102153151
2018_1267_1371,0.26818004875
2018_1267_1372,0.529528701432
2018_1267_1382,0.296301973016
2018_1267_1393,0.329417257033
2018_1267_1395,0.234531713263
2018_1267_1397,0.249275153132
2018_1267_1400,0.311631600411
2018_1267_1401,0.322830013768
2018_1267_1403,0.252429543397
2018_1267_1411,0.769737580201
2018_1267_1417,0.265109695658
2018_1267_1420,0.711265842614
2018_1267_1422,0.475002516882
2018_1267_1437,0.106953633404
2018_1267_1438,0.114843506628
2018_1267_1439,0.302992872503
2018_1267_1452,0.195788928882
2018_1267_1455,0.207127107812
2018_1267_1460,0.665278596327
2018_1267_1462,0.213573964615
2018_1274_1276,0.301811283013
2018_1274_1277,0.338302050803
2018_1274_1281,0.762580145384
2018_1274_1285,0.784995870053
2018_1274_1293,0.752936015445
2018_1274_1300,0.891319078362
2018_1274_1301,0.614418524237
2018_1274_1305,0.568798280068
2018_1274_1308,0.697039857312
2018_1274_1314,0.30940133863
2018_1274_1326,0.472450858428
2018_1274_1328,0.697596151694
2018_1274_1335,0.780951946235
2018_1274_1344,0.545232215924
2018_1274_1345,0.353922976101
2018_1274_1347,0.867871235544
2018_1274_1348,0.545288878499
2018_1274_1355,0.728734287197
2018_1274_1361,0.62344533168
2018_1274_1371,0.538541918531
2018_1274_1372,0.747421579134
2018_1274_1382,0.602624437454
2018_1274_1393,0.642926561998
2018_1274_1395,0.546051964378
2018_1274_1397,0.49660710398
2018_1274_1400,0.640895051028
2018_1274_1401,0.634527291186
2018_1274_1403,0.506973268256
2018_1274_1411,0.880671936602
2018_1274_1417,0.529700267827
2018_1274_1420,0.856456415434
2018_1274_1422,0.735501609022
2018_1274_1437,0.207898277991
2018_1274_1438,0.217314619192
2018_1274_1439,0.547792916239
2018_1274_1452,0.334729304646
2018_1274_1455,0.404571679865
2018_1274_1460,0.793558557067
2018_1274_1462,0.351377488129
2018_1276_1277,0.514460866506
2018_1276_1281,0.867816525034
2018_1276_1285,0.895827886346
2018_1276_1293,0.866684934095
2018_1276_1300,0.95019268946
2018_1276_1301,0.78714020219
2018_1276_1305,0.727476702682
2018_1276_1308,0.816570896955
2018_1276_1314,0.478669497958
2018_1276_1326,0.685542271859
2018_1276_1328,0.812954187006
2018_1276_1335,0.878866947436
2018_1276_1344,0.708163344733
2018_1276_1345,0.557485798795
2018_1276_1347,0.934208403585
2018_1276_1348,0.745083650626
2018_1276_1355,0.843160177816
2018_1276_1361,0.778968364964
2018_1276_1371,0.713293918268
2018_1276_1372,0.873598394248
2018_1276_1382,0.781155781319
2018_1276_1393,0.780856035258
2018_1276_1395,0.734736053731
2018_1276_1397,0.699237424762
2018_1276_1400,0.777410631875
2018_1276_1401,0.790880051508
2018_1276_1403,0.688959768583
2018_1276_1411,0.943406214776
2018_1276_1417,0.708127443546
2018_1276_1420,0.928343521377
2018_1276_1422,0.865902037972
2018_1276_1437,0.304501946757
2018_1276_1438,0.332208720528
2018_1276_1439,0.716121959958
2018_1276_1452,0.5480888618
2018_1276_1455,0.58776530872
2018_1276_1460,0.915228095216
2018_1276_1462,0.557944341544
2018_1277_1281,0.83298451958
2018_1277_1285,0.861751291661
2018_1277_1293,0.812952468137
2018_1277_1300,0.925945384145
2018_1277_1301,0.750267358243
2018_1277_1305,0.669083935144
2018_1277_1308,0.753658111524
2018_1277_1314,0.395067929616
2018_1277_1326,0.601669586159
2018_1277_1328,0.759658694186
2018_1277_1335,0.831164399023
2018_1277_1344,0.634225087185
2018_1277_1345,0.469650086005
2018_1277_1347,0.905451950966
2018_1277_1348,0.678655347842
2018_1277_1355,0.777488486313
2018_1277_1361,0.692774333598
2018_1277_1371,0.640622721243
2018_1277_1372,0.830827230703
2018_1277_1382,0.718591096726
2018_1277_1393,0.719001993776
2018_1277_1395,0.663314806373
2018_1277_1397,0.620378630004
2018_1277_1400,0.714939128789
2018_1277_1401,0.733357863748
2018_1277_1403,0.626884642713
2018_1277_1411,0.915931057771
2018_1277_1417,0.637523713616
2018_1277_1420,0.898766278312
2018_1277_1422,0.803006462047
2018_1277_1437,0.233885646886
2018_1277_1438,0.264346105629
2018_1277_1439,0.640907322581
2018_1277_1452,0.471462798187
2018_1277_1455,0.529544720536
2018_1277_1460,0.878328757169
2018_1277_1462,0.467201226146
2018_1281_1285,0.640956114718
2018_1281_1293,0.567821909018
2018_1281_1300,0.801759582473
2018_1281_1301,0.329551424167
2018_1281_1305,0.283670187751
2018_1281_1308,0.394712598584
2018_1281_1314,0.176209678383
2018_1281_1326,0.252075258753
2018_1281_1328,0.403164415549
2018_1281_1335,0.602869761725
2018_1281_1344,0.295378066479
2018_1281_1345,0.216931757845
2018_1281_1347,0.767062680538
2018_1281_1348,0.28022708007
2018_1281_1355,0.454390207697
2018_1281_1361,0.320576653053
2018_1281_1371,0.301126016999
2018_1281_1372,0.58430857239
2018_1281_1382,0.340381677195
2018_1281_1393,0.356665167859
2018_1281_1395,0.27709220816
2018_1281_1397,0.266982293863
2018_1281_1400,0.346992133664
2018_1281_1401,0.360475671215
2018_1281_1403,0.282528069539
2018_1281_1411,0.779176014335
2018_1281_1417,0.295660822941
2018_1281_1420,0.732502766365
2018_1281_1422,0.524771290444
2018_1281_1437,0.114009801866
2018_1281_1438,0.127852854664
2018_1281_1439,0.316454730805
2018_1281_1452,0.205180051429
2018_1281_1455,0.2247830925
2018_1281_1460,0.6707251978
2018_1281_1462,0.219022100548
2018_1285_1293,0.417149051305
2018_1285_1300,0.756163938495
2018_1285_1301,0.227230667125
2018_1285_1305,0.187272723627
2018_1285_1308,0.224641250976
2018_1285_1314,0.142066703619
2018_1285_1326,0.205053627564
2018_1285_1328,0.303847339075
2018_1285_1335,0.460979093699
2018_1285_1344,0.242400234941
2018_1285_1345,0.191827453483
2018_1285_1347,0.665861077292
2018_1285_1348,0.20181204581
2018_1285_1355,0.292684530315
2018_1285_1361,0.187056559784
2018_1285_1371,0.224271176739
2018_1285_1372,0.432413817296
2018_1285_1382,0.2401160639
2018_1285_1393,0.274221104051
2018_1285_1395,0.201961947832
2018_1285_1397,0.211226745173
2018_1285_1400,0.263617250857
2018_1285_1401,0.270366071294
2018_1285_1403,0.216931800431
2018_1285_1411,0.716594943864
2018_1285_1417,0.225454311956
2018_1285_1420,0.647310751268
2018_1285_1422,0.372486905293
2018_1285_1437,0.092548355306
2018_1285_1438,0.102779356399
2018_1285_1439,0.259291318848
2018_1285_1452,0.16947532416
2018_1285_1455,0.184533229822
2018_1285_1460,0.56048434631
2018_1285_1462,0.187802434558
2018_1293_1300,0.807822189991
2018_1293_1301,0.275629677623
2018_1293_1305,0.236036219992
2018_1293_1308,0.294796951507
2018_1293_1314,0.175259922702
2018_1293_1326,0.258597850388
2018_1293_1328,0.362825662359
2018_1293_1335,0.547816366149
2018_1293_1344,0.294628965413
2018_1293_1345,0.23311992681
2018_1293_1347,0.747175497523
2018_1293_1348,0.257844833915
2018_1293_1355,0.390510393938
2018_1293_1361,0.258402574739
2018_1293_1371,0.276588495818
2018_1293_1372,0.51887979057
2018_1293_1382,0.2901592127
2018_1293_1393,0.325473915506
2018_1293_1395,0.246420008262
2018_1293_1397,0.255373514745
2018_1293_1400,0.315865333432
2018_1293_1401,0.326742319583
2018_1293_1403,0.255957889378
2018_1293_1411,0.786558847603
2018_1293_1417,0.277507159364
2018_1293_1420,0.727387617183
2018_1293_1422,0.471854246885
2018_1293_1437,0.132397086915
2018_1293_1438,0.151079016482
2018_1293_1439,0.313051768993
2018_1293_1452,0.209368706754
2018_1293_1455,0.227585620953
2018_1293_1460,0.646519572231
2018_1293_1462,0.238142263159
2018_1300_1301,0.118586691243
2018_1300_1305,0.0967587421384
2018_1300_1308,0.114161254661
2018_1300_1314,0.0702290498457
2018_1300_1326,0.110463761933
2018_1300_1328,0.164626663618
2018_1300_1335,0.230176223132
2018_1300_1344,0.128071403305
2018_1300_1345,0.0995261407855
2018_1300_1347,0.365703725037
2018_1300_1348,0.104215903081
2018_1300_1355,0.146174484399
2018_1300_1361,0.099184519678
2018_1300_1371,0.121052679573
2018_1300_1372,0.20218684117
2018_1300_1382,0.127557795072
2018_1300_1393,0.13799348249
2018_1300_1395,0.100235157123
2018_1300_1397,0.111495593465
2018_1300_1400,0.12884025509
2018_1300_1401,0.137203356243
2018_1300_1403,0.114010356683
2018_1300_1411,0.422278192593
2018_1300_1417,0.122795593229
2018_1300_1420,0.333554986525
2018_1300_1422,0.172338485991
2018_1300_1437,0.0455630639905
2018_1300_1438,0.0502147636671
2018_1300_1439,0.132256436487
2018_1300_1452,0.0854993820972
2018_1300_1455,0.092728557411
2018_1300_1460,0.309417932426
2018_1300_1462,0.0986482150163
2018_1301_1305,0.450944977723
2018_1301_1308,0.569006465179
2018_1301_1314,0.267298680451
2018_1301_1326,0.411476921341
2018_1301_1328,0.586997982707
2018_1301_1335,0.735745179456
2018_1301_1344,0.44425868099
2018_1301_1345,0.339970637534
2018_1301_1347,0.846734466427
2018_1301_1348,0.460965411711
2018_1301_1355,0.629448355296
2018_1301_1361,0.513118143707
2018_1301_1371,0.441394268574
2018_1301_1372,0.715524153775
2018_1301_1382,0.534008853172
2018_1301_1393,0.535374430077
2018_1301_1395,0.44799324193
2018_1301_1397,0.417240605647
2018_1301_1400,0.519857484538
2018_1301_1401,0.53734096965
2018_1301_1403,0.41751712058
2018_1301_1411,0.858379307201
2018_1301_1417,0.437526431712
2018_1301_1420,0.829520511948
2018_1301_1422,0.687455147221
2018_1301_1437,0.165903586642
2018_1301_1438,0.18037413943
2018_1301_1439,0.460551733212
2018_1301_1452,0.325065194562
2018_1301_1455,0.348777977804
2018_1301_1460,0.811059428508
2018_1301_1462,0.339141815708
2018_1305_1308,0.593713317611
2018_1305_1314,0.276050264428
2018_1305_1326,0.437677102899
2018_1305_1328,0.612846538656
2018_1305_1335,0.737914461653
2018_1305_1344,0.476323413457
2018_1305_1345,0.342057839228
2018_1305_1347,0.847471116097
2018_1305_1348,0.490286235897
2018_1305_1355,0.640347782279
2018_1305_1361,0.534202179777
2018_1305_1371,0.473428379809
2018_1305_1372,0.726961804735
2018_1305_1382,0.557629629112
2018_1305_1393,0.564792169852
2018_1305_1395,0.474310176586
2018_1305_1397,0.448930547704
2018_1305_1400,0.546773091109
2018_1305_1401,0.569242488106
2018_1305_1403,0.449211875462
2018_1305_1411,0.867562419963
2018_1305_1417,0.467168343778
2018_1305_1420,0.831223128772
2018_1305_1422,0.699821220235
2018_1305_1437,0.164112774661
2018_1305_1438,0.17438923271
2018_1305_1439,0.481555777458
2018_1305_1452,0.334965070662
2018_1305_1455,0.325369735605
2018_1305_1460,0.819933707672
2018_1305_1462,0.346509027799
2018_1308_1314,0.189429147316
2018_1308_1326,0.309196262695
2018_1308_1328,0.463734977378
2018_1308_1335,0.633173672524
2018_1308_1344,0.349230504349
2018_1308_1345,0.248490489589
2018_1308_1347,0.77203824689
2018_1308_1348,0.33573786594
2018_1308_1355,0.467687007373
2018_1308_1361,0.352140421613
2018_1308_1371,0.32215028368
2018_1308_1372,0.615044599806
2018_1308_1382,0.388031620235
2018_1308_1393,0.394488492018
2018_1308_1395,0.308007509201
2018_1308_1397,0.303471760184
2018_1308_1400,0.374849694566
2018_1308_1401,0.394180226584
2018_1308_1403,0.307031482246
2018_1308_1411,0.793670376357
2018_1308_1417,0.321275683054
2018_1308_1420,0.751199513947
2018_1308_1422,0.55941040603
2018_1308_1437,0.117760793136
2018_1308_1438,0.125570794215
2018_1308_1439,0.334047104632
2018_1308_1452,0.23588065647
2018_1308_1455,0.255276038483
2018_1308_1460,0.746815680963
2018_1308_1462,0.247069367824
2018_1314_1326,0.673327051747
2018_1314_1328,0.817236677126
2018_1314_1335,0.874622945766
2018_1314_1344,0.702917747732
2018_1314_1345,0.552544795179
2018_1314_1347,0.926251681346
2018_1314_1348,0.732030750196
2018_1314_1355,0.833598552512
2018_1314_1361,0.761080731209
2018_1314_1371,0.70810252864
2018_1314_1372,0.864184631315
2018_1314_1382,0.780741183511
2018_1314_1393,0.779541254311
2018_1314_1395,0.725735073022
2018_1314_1397,0.687311545842
2018_1314_1400,0.77407247119
2018_1314_1401,0.7896092069
2018_1314_1403,0.68352325552
2018_1314_1411,0.933751105803
2018_1314_1417,0.702881471986
2018_1314_1420,0.923256437308
2018_1314_1422,0.847829053324
2018_1314_1437,0.290029497698
2018_1314_1438,0.306896330619
2018_1314_1439,0.718318999137
2018_1314_1452,0.531294317419
2018_1314_1455,0.601880300033
2018_1314_1460,0.911163788479
2018_1314_1462,0.553004352674
2018_1326_1328,0.68090016402
2018_1326_1335,0.784704620162
2018_1326_1344,0.527860176354
2018_1326_1345,0.372360608597
2018_1326_1347,0.87594513775
2018_1326_1348,0.572416035819
2018_1326_1355,0.716559812425
2018_1326_1361,0.611470917622
2018_1326_1371,0.528227909808
2018_1326_1372,0.770576676383
2018_1326_1382,0.637338836414
2018_1326_1393,0.647633685862
2018_1326_1395,0.563195312741
2018_1326_1397,0.512833836875
2018_1326_1400,0.642585201474
2018_1326_1401,0.6554320246
2018_1326_1403,0.517578285227
2018_1326_1411,0.889462591267
2018_1326_1417,0.52724512972
2018_1326_1420,0.868177413225
2018_1326_1422,0.749339710306
2018_1326_1437,0.177978584792
2018_1326_1438,0.195617844127
2018_1326_1439,0.54938495101
2018_1326_1452,0.358672663931
2018_1326_1455,0.406733651009
2018_1326_1460,0.848091114602
2018_1326_1462,0.366264293722
2018_1328_1335,0.633131683938
2018_1328_1344,0.355726570792
2018_1328_1345,0.225326094536
2018_1328_1347,0.765100458866
2018_1328_1348,0.336412089223
2018_1328_1355,0.536081658591
2018_1328_1361,0.421066458058
2018_1328_1371,0.337797476859
2018_1328_1372,0.581789822288
2018_1328_1382,0.402313698895
2018_1328_1393,0.440510871061
2018_1328_1395,0.329875797632
2018_1328_1397,0.301288255051
2018_1328_1400,0.434865825913
2018_1328_1401,0.425782335784
2018_1328_1403,0.321368283818
2018_1328_1411,0.78833683793
2018_1328_1417,0.331997240872
2018_1328_1420,0.738275906731
2018_1328_1422,0.577151645391
2018_1328_1437,0.1108978207
2018_1328_1438,0.122235733632
2018_1328_1439,0.351330059637
2018_1328_1452,0.210543336172
2018_1328_1455,0.222926717004
2018_1328_1460,0.668490251088
2018_1328_1462,0.224735676833
2018_1335_1344,0.261950775436
2018_1335_1345,0.201325431522
2018_1335_1347,0.697161431564
2018_1335_1348,0.227928155448
2018_1335_1355,0.328256283401
2018_1335_1361,0.208442698123
2018_1335_1371,0.237717273302
2018_1335_1372,0.467764585839
2018_1335_1382,0.261224540406
2018_1335_1393,0.286369697279
2018_1335_1395,0.214913384645
2018_1335_1397,0.225656389323
2018_1335_1400,0.273506615562
2018_1335_1401,0.285461692871
2018_1335_1403,0.223593609714
2018_1335_1411,0.73938562996
2018_1335_1417,0.236829473503
2018_1335_1420,0.68523444012
2018_1335_1422,0.414106648978
2018_1335_1437,0.0958508361723
2018_1335_1438,0.107603543649
2018_1335_1439,0.272048061149
2018_1335_1452,0.182981447775
2018_1335_1455,0.193756634857
2018_1335_1460,0.610082774506
2018_1335_1462,0.201624502937
2018_1344_1345,0.286270156309
2018_1344_1347,0.829446089372
2018_1344_1348,0.464768112869
2018_1344_1355,0.663750850793
2018_1344_1361,0.551738379347
2018_1344_1371,0.449228677318
2018_1344_1372,0.674732763766
2018_1344_1382,0.528621591277
2018_1344_1393,0.568760564691
2018_1344_1395,0.4657225495
2018_1344_1397,0.41061352543
2018_1344_1400,0.566093070443
2018_1344_1401,0.55981116798
2018_1344_1403,0.4296208891
2018_1344_1411,0.84654307514
2018_1344_1417,0.445362914321
2018_1344_1420,0.811557474535
2018_1344_1422,0.673082005606
2018_1344_1437,0.147272994457
2018_1344_1438,0.163221217368
2018_1344_1439,0.4640967402
2018_1344_1452,0.26968880844
2018_1344_1455,0.316706192195
2018_1344_1460,0.747699196642
2018_1344_1462,0.286650124929
2018_1345_1347,0.903081364533
2018_1345_1348,0.643481776421
2018_1345_1355,0.788614265601
2018_1345_1361,0.693642983194
2018_1345_1371,0.63815045396
2018_1345_1372,0.830919016471
2018_1345_1382,0.699485218343
2018_1345_1393,0.708364059857
2018_1345_1395,0.644889335157
2018_1345_1397,0.60101678912
2018_1345_1400,0.70653490962
2018_1345_1401,0.726736307877
2018_1345_1403,0.610917424749
2018_1345_1411,0.911819829358
2018_1345_1417,0.632327862377
2018_1345_1420,0.895062074917
2018_1345_1422,0.809662250235
2018_1345_1437,0.240717846958
2018_1345_1438,0.247454942721
2018_1345_1439,0.634162789153
2018_1345_1452,0.437282651084
2018_1345_1455,0.509215111777
2018_1345_1460,0.866558486985
2018_1345_1462,0.449883296256
2018_1347_1348,0.149540821875
2018_1347_1355,0.217972872932
2018_1347_1361,0.147656847828
2018_1347_1371,0.174186836364
2018_1347_1372,0.291530158559
2018_1347_1382,0.182146978037
2018_1347_1393,0.188033713324
2018_1347_1395,0.151262441758
2018_1347_1397,0.162289557346
2018_1347_1400,0.178299476169
2018_1347_1401,0.188916511459
2018_1347_1403,0.163206541207
2018_1347_1411,0.615219354894
2018_1347_1417,0.173667314849
2018_1347_1420,0.463470251516
2018_1347_1422,0.250663395886
2018_1347_1437,0.0653013922426
2018_1347_1438,0.0735770137665
2018_1347_1439,0.19139464062
2018_1347_1452,0.124703606661
2018_1347_1455,0.140531270445
2018_1347_1460,0.414133187071
2018_1347_1462,0.135864121938
2018_1348_1355,0.695464933821
2018_1348_1361,0.586425743173
2018_1348_1371,0.480259662292
2018_1348_1372,0.755426771619
2018_1348_1382,0.567063839913
2018_1348_1393,0.58732077202
2018_1348_1395,0.493049650842
2018_1348_1397,0.431045759288
2018_1348_1400,0.576215843023
2018_1348_1401,0.596014493699
2018_1348_1403,0.453970764796
2018_1348_1411,0.87897598831
2018_1348_1417,0.476357821188
2018_1348_1420,0.850043255546
2018_1348_1422,0.727540110085
2018_1348_1437,0.180890872821
2018_1348_1438,0.19520797811
2018_1348_1439,0.497355856526
2018_1348_1452,0.32224101971
2018_1348_1455,0.34673964593
2018_1348_1460,0.824617059483
2018_1348_1462,0.344307538158
2018_1355_1361,0.381527046357
2018_1355_1371,0.332069590378
2018_1355_1372,0.632412104486
2018_1355_1382,0.394456773866
2018_1355_1393,0.390130020898
2018_1355_1395,0.322171055435
2018_1355_1397,0.314964634887
2018_1355_1400,0.375886902542
2018_1355_1401,0.389822968655
2018_1355_1403,0.308591560057
2018_1355_1411,0.820925176279
2018_1355_1417,0.326305007493
2018_1355_1420,0.770110762537
2018_1355_1422,0.596382843414
2018_1355_1437,0.135703925674
2018_1355_1438,0.147620291644
2018_1355_1439,0.344146746477
2018_1355_1452,0.245779438989
2018_1355_1455,0.248002162598
2018_1355_1460,0.749110214623
2018_1355_1462,0.27286512601
2018_1361_1371,0.454490244667
2018_1361_1372,0.742204782548
2018_1361_1382,0.552611139924
2018_1361_1393,0.544528568189
2018_1361_1395,0.47038066347
2018_1361_1397,0.440627094482
2018_1361_1400,0.538397843419
2018_1361_1401,0.553438342191
2018_1361_1403,0.437710019199
2018_1361_1411,0.88214065269
2018_1361_1417,0.455850291072
2018_1361_1420,0.849527666606
2018_1361_1422,0.728989993523
2018_1361_1437,0.177016706614
2018_1361_1438,0.196399204975
2018_1361_1439,0.474715825047
2018_1361_1452,0.344045957321
2018_1361_1455,0.36537557724
2018_1361_1460,0.825213646654
2018_1361_1462,0.357495492002
2018_1371_1372,0.761980075044
2018_1371_1382,0.58660006545
2018_1371_1393,0.607794402649
2018_1371_1395,0.519600177375
2018_1371_1397,0.47118635686
2018_1371_1400,0.59595725871
2018_1371_1401,0.617693205162
2018_1371_1403,0.486201202327
2018_1371_1411,0.882312127164
2018_1371_1417,0.504282514421
2018_1371_1420,0.85199206844
2018_1371_1422,0.734578094411
2018_1371_1437,0.176823681886
2018_1371_1438,0.187717329796
2018_1371_1439,0.5187002622
2018_1371_1452,0.328474223393
2018_1371_1455,0.374853879831
2018_1371_1460,0.829345944012
2018_1371_1462,0.339908819154
2018_1372_1382,0.307091852451
2018_1372_1393,0.33048037848
2018_1372_1395,0.247374251571
2018_1372_1397,0.256350635298
2018_1372_1400,0.321747819869
2018_1372_1401,0.331758697111
2018_1372_1403,0.256936474362
2018_1372_1411,0.795653664663
2018_1372_1417,0.276633791717
2018_1372_1420,0.721853737903
2018_1372_1422,0.47336366671
2018_1372_1437,0.144849281143
2018_1372_1438,0.168195311808
2018_1372_1439,0.309609783655
2018_1372_1452,0.212530739869
2018_1372_1455,0.228489043657
2018_1372_1460,0.634247749044
2018_1372_1462,0.235241857045
2018_1382_1393,0.564792169852
2018_1382_1395,0.474310176586
2018_1382_1397,0.448930547704
2018_1382_1400,0.546773091109
2018_1382_1401,0.569242488106
2018_1382_1403,0.449211875462
2018_1382_1411,0.867562419963
2018_1382_1417,0.467168343778
2018_1382_1420,0.831223128772
2018_1382_1422,0.699821220235
2018_1382_1437,0.164112774661
2018_1382_1438,0.17438923271
2018_1382_1439,0.481555777458
2018_1382_1452,0.334965070662
2018_1382_1455,0.348659630285
2018_1382_1460,0.814909434359
2018_1382_1462,0.346509027799
2018_1393_1395,0.391216227652
2018_1393_1397,0.363083514619
2018_1393_1400,0.500658019057
2018_1393_1401,0.489660131528
2018_1393_1403,0.386494866324
2018_1393_1411,0.843270925521
2018_1393_1417,0.396516630433
2018_1393_1420,0.788642039093
2018_1393_1422,0.643756840883
2018_1393_1437,0.144329949301
2018_1393_1438,0.164038753274
2018_1393_1439,0.418913999282
2018_1393_1452,0.267230127776
2018_1393_1455,0.277125977906
2018_1393_1460,0.727844399247
2018_1393_1462,0.274719566947
2018_1395_1397,0.426743481835
2018_1395_1400,0.566125005534
2018_1395_1401,0.58835729489
2018_1395_1403,0.445932578594
2018_1395_1411,0.874233546122
2018_1395_1417,0.459430057167
2018_1395_1420,0.842901913652
2018_1395_1422,0.723241336417
2018_1395_1437,0.174755110874
2018_1395_1438,0.184746217268
2018_1395_1439,0.481170439631
2018_1395_1452,0.315188908201
2018_1395_1455,0.333608917834
2018_1395_1460,0.814767884939
2018_1395_1462,0.326546135045
2018_1397_1400,0.68467745511
2018_1397_1401,0.704011064054
2018_1397_1403,0.582122918285
2018_1397_1411,0.907351262003
2018_1397_1417,0.595313529911
2018_1397_1420,0.888435136492
2018_1397_1422,0.78425138646
2018_1397_1437,0.222786084412
2018_1397_1438,0.236681189444
2018_1397_1439,0.610602581925
2018_1397_1452,0.410683802398
2018_1397_1455,0.482221209965
2018_1397_1460,0.870112148553
2018_1397_1462,0.423354770644
2018_1400_1401,0.472334631677
2018_1400_1403,0.363736016813
2018_1400_1411,0.822097619192
2018_1400_1417,0.378666618265
2018_1400_1420,0.782937473115
2018_1400_1422,0.632984256442
2018_1400_1437,0.135287614965
2018_1400_1438,0.148798046588
2018_1400_1439,0.40472138308
2018_1400_1452,0.244304834754
2018_1400_1455,0.262314412538
2018_1400_1460,0.714973959532
2018_1400_1462,0.262246463139
2018_1401_1403,0.382081610013
2018_1401_1411,0.821272905756
2018_1401_1417,0.391270293762
2018_1401_1420,0.772703613106
2018_1401_1422,0.62553620824
2018_1401_1437,0.127706764493
2018_1401_1438,0.148859273323
2018_1401_1439,0.419698857532
2018_1401_1452,0.257377049735
2018_1401_1455,0.271389290942
2018_1401_1460,0.723852889658
2018_1401_1462,0.26791917977
2018_1403_1411,0.881211860992
2018_1403_1417,0.508360542828
2018_1403_1420,0.85875865109
2018_1403_1422,0.73923028854
2018_1403_1437,0.182577743171
2018_1403_1438,0.206976953691
2018_1403_1439,0.536424323945
2018_1403_1452,0.327943559596
2018_1403_1455,0.382373604031
2018_1403_1460,0.824779874636
2018_1403_1462,0.338377407266
2018_1411_1417,0.15346521038
2018_1411_1420,0.406786095165
2018_1411_1422,0.234493656915
2018_1411_1437,0.0610665850922
2018_1411_1438,0.0732697058087
2018_1411_1439,0.163998000789
2018_1411_1452,0.111947976767
2018_1411_1455,0.121117267025
2018_1411_1460,0.37618612105
2018_1411_1462,0.128839228831
2018_1417_1420,0.869682041078
2018_1417_1422,0.74926108042
2018_1417_1437,0.207203329982
2018_1417_1438,0.212204671956
2018_1417_1439,0.564795320075
2018_1417_1452,0.360749781203
2018_1417_1455,0.429789252231
2018_1417_1460,0.827903396311
2018_1417_1462,0.372684378513
2018_1420_1422,0.240387523785
2018_1420_1437,0.0668009079746
2018_1420_1438,0.0744473003222
2018_1420_1439,0.205119187391
2018_1420_1452,0.124717183502
2018_1420_1455,0.13816378814
2018_1420_1460,0.419843121393
2018_1420_1462,0.144177893324
2018_1422_1437,0.12135583701
2018_1422_1438,0.144718632763
2018_1422_1439,0.318888006459
2018_1422_1452,0.221830876045
2018_1422_1455,0.230040593154
2018_1422_1460,0.674935865878
2018_1422_1462,0.236987466019
2018_1437_1438,0.468190638585
2018_1437_1439,0.806728360655
2018_1437_1452,0.693220038783
2018_1437_1455,0.731810735064
2018_1437_1460,0.945043962611
2018_1437_1462,0.699489729995
2018_1438_1439,0.799887409235
2018_1438_1452,0.673324627593
2018_1438_1455,0.696407431738
2018_1438_1460,0.938571700228
2018_1438_1462,0.678638562393
2018_1439_1452,0.297305072277
2018_1439_1455,0.344149969435
2018_1439_1460,0.796885786156
2018_1439_1462,0.310372701837
2018_1452_1455,0.553339047599
2018_1452_1460,0.896492590899
2018_1452_1462,0.49430762868
2018_1455_1460,0.868603920786
2018_1455_1462,0.440233856561
2018_1460_1462,0.181115277448
